"stripped_author","distil_author_only","partial_token_set","token_set","token_sort"
"caesar julius","caesar julius","100.0","100.0","100.0"
"kircher athanasius 16021680","kircher athanasius 16021680","100.0","100.0","100.0"
"hincmar archbishop of reims approximately 806882","hincmar archbishop of reims","100.0","100.0","72.0"
"acosta jose de 15401600","acosta jose de 15401600","100.0","100.0","100.0"
"mersenne marin 15881648","mersenne marin 15881648","100.0","100.0","100.0"
"virgil","virgil","100.0","100.0","100.0"
"kepler johannes 15711630","kepler johannes","100.0","100.0","76.92307692307692"
"suarez francisco 15481617","suarez francisco 15481617","100.0","100.0","100.0"
"alvares manuel 15261583","alvares manuel 15261583","100.0","100.0","100.0"
"boethius 524","boethius 524","100.0","100.0","100.0"
"vitruvius pollio","vitruvius pollio","100.0","100.0","100.0"
"thomas aquinas saint 12251274","thomas aquinas saint","100.0","100.0","81.63265306122449"
"juvencus caius vettius aquilinus","juvencus caius vettius aquilinus","100.0","100.0","100.0"
"lucretius carus titus","lucretius carus titus","100.0","100.0","100.0"
"cicero marcus tullius","cicero marcus tullius","100.0","100.0","100.0"
"hyginus gromaticus","hyginus gromaticus","100.0","100.0","100.0"
"horace","horace","100.0","100.0","100.0"
"livy","livy","100.0","100.0","100.0"
"commodianus","commodianus","100.0","100.0","100.0"
"copernicus nicolaus 14731543","copernicus nicolaus 14731543","100.0","100.0","100.0"
"bacon roger 12141294","bacon roger 12141294","100.0","100.0","100.0"
"gretser jakob 15621625","gretser jakob 15621625","100.0","100.0","100.0"
"palladius rutilius taurus aemilianus","palladius rutilius taurus aemilianus","100.0","100.0","100.0"
"huygens christiaan 16291695","huygens christiaan 16291695","100.0","100.0","100.0"
"valerius maximus","valerius maximus","100.0","100.0","100.0"
"silius italicus tiberius catius","silius italicus tiberius catius","100.0","100.0","100.0"
"victor sextus aurelius","victor sextus aurelius","100.0","100.0","100.0"
"juvenal","juvenal","100.0","100.0","100.0"
"claudianus claudius","claudianus claudius","100.0","100.0","100.0"
"florus lucius annaeus","florus lucius annaeus","100.0","100.0","100.0"
"propertius sextus","propertius sextus","100.0","100.0","100.0"
"maffei giovanni pietro 15361603","maffei giovanni pietro 15361603","100.0","100.0","100.0"
"pliny the elder","pliny the elder","100.0","100.0","100.0"
"muret marcantoine 15261585","muret marcantoine 15261585","100.0","100.0","100.0"
"curtius rufus quintus","curtius rufus quintus","100.0","100.0","100.0"
"augustine of hippo saint 354430","augustine of hippo saint 354430","100.0","100.0","100.0"
"catullus gaius valerius","catullus gaius valerius","100.0","100.0","100.0"
"gellius aulus","gellius aulus","100.0","100.0","100.0"
"lachmann karl 17931851","lachmann karl 17931851","100.0","100.0","100.0"
"mela pomponius","mela pomponius","100.0","100.0","100.0"
"nepos cornelius","nepos cornelius","100.0","100.0","100.0"
"ovid 43 bc17 ad or 18 ad","ovid 43 bc17 ad or 18 ad","100.0","100.0","100.0"
"persius","persius","100.0","100.0","100.0"
"rutilius namatianus claudius active 5th century","namatianus claudius rutilius active 5th century","100.0","100.0","100.0"
"sallust 86 bc34 bc","sallust","100.0","100.0","56.00000000000001"
"tacitus cornelius","tacitus cornelius","100.0","100.0","100.0"
"tibullus","tibullus","100.0","100.0","100.0"
"vegetius renatus publius","vegetius renatus flavius","100.0","87.5","87.5"
"velleius paterculus approximately 19 bcapproximately 30 ad","velleius paterculus","100.0","100.0","49.350649350649356"
"linne carl von 17071778","linne carl von 17071778","100.0","100.0","100.0"
"dante alighieri 12651321","dante alighieri 12651321","100.0","100.0","100.0"
"macer floridus","odo magdunensis","30.76923076923077","27.58620689655173","27.586206896551722"
"zwingli ulrich 14841531","zwingli ulrich 14841531","100.0","100.0","100.0"
"anselm saint archbishop of canterbury 10331109","anselm saint archbishop of canterbury","100.0","100.0","89.1566265060241"
"paulus julius","paulus julius","100.0","100.0","100.0"
"augustine saint bishop of hippo","augustine of hippo saint 354430","100.0","87.27272727272728","77.41935483870968"
"prudentius 348","prudentius 348","100.0","100.0","100.0"
"quintilian","quintilian","100.0","100.0","100.0"
"guarino veronese 13741460","guarino veronese 13741460","100.0","100.0","100.0"
"luther martin 14831546","luther martin","100.0","100.0","74.28571428571429"
"duns scotus john approximately 12661308","duns scotus john approximately 12661308","100.0","100.0","100.0"
"forcellini egidio 16881768","forcellini egidio 16881768","100.0","100.0","100.0"
"milton john 16081674","milton john","100.0","100.0","70.96774193548387"
"ordericus vitalis 10751143","ordericus vitalis","100.0","100.0","79.06976744186046"
"ambrose saint bishop of milan 397","ambrose saint bishop of milan","100.0","100.0","93.5483870967742"
"lucan 3965","lucan","100.0","100.0","66.66666666666667"
"seneca lucius annaeus approximately 55 bcapproximately 39 ad","seneca lucius annaeus approximately 55 bcapproximately 39 ad","100.0","100.0","100.0"
"grotius hugo 15831645","grotius hugo 15831645","100.0","100.0","100.0"
"suetonius approximately 69approximately 122","suetonius approximately 69approximately 122","100.0","100.0","100.0"
"justinus marcus junianus","justinus marcus junianus","100.0","100.0","100.0"
"petrarca francesco 13041374","petrarca francesco","100.0","100.0","80.0"
"balde jakob 16041668","balde jakob","100.0","100.0","70.96774193548387"
"pliny the younger","pliny the younger","100.0","100.0","100.0"
"madvig j n 18041886","madvig j n johan nikolai 18041886","100.0","100.0","73.07692307692308"
"cyprian saint bishop of carthage","cyprian saint bishop of carthage","100.0","100.0","100.0"
"gregory saint bishop of tours 538594","gregory bishop of tours saint","100.0","100.0","89.23076923076923"
"rossbach august 18231898","rossbach august 18231898","100.0","100.0","100.0"
"keil heinrich 18221894","keil heinrich 18221894","100.0","100.0","100.0"
"vel caspar ursinus 14931538","vel caspar ursinus 14931538","100.0","100.0","100.0"
"serenus sammonicus quintus","serenus sammonicus quintus","100.0","100.0","100.0"
"marcellus empiricus","marcellus empiricus","100.0","100.0","100.0"
"firmicus maternus julius","firmicus maternus julius","100.0","100.0","100.0"
"varro marcus terentius","varro marcus terentius","100.0","100.0","100.0"
"vegetius renatus flavius","vegetius renatus flavius","100.0","100.0","100.0"
"vives juan luis 14921540","vives juan luis 14921540","100.0","100.0","100.0"
"muller lucian 18361898","muller lucian 18361898","100.0","100.0","100.0"
"andreas capellanus","andreas capellanus","100.0","100.0","100.0"
"gronovius joannes fredericus 16111671","gronovius joannes fredericus 16111671","100.0","100.0","100.0"
"tacticus cornelius","tacitus cornelius","100.0","91.42857142857143","91.42857142857143"
"ampelius lucius","ampelius lucius","100.0","100.0","100.0"
"friedlaender ludwig 18241909","friedlaender ludwig 18241909","100.0","100.0","100.0"
"sedulius scotus active 848860","sedulius scotus active 848860","100.0","100.0","100.0"
"nemethy geza","nemethy geza 18651937","100.0","100.0","72.72727272727273"
"keil henricus 18221894","keil heinrich 18221894","100.0","90.9090909090909","90.9090909090909"
"orosius paulus","orosius paulus","100.0","100.0","100.0"
"lambert von hersfeld 1088","lambert von hersfeld","100.0","100.0","88.88888888888889"
"ruusbroec jan van 12931381","ruusbroec jan van 12931381","100.0","100.0","100.0"
"caesarius of heisterbach approximately 1180approximately 1240","caesarius of heisterbach approximately 1180approximately 1240","100.0","100.0","100.0"
"ammianus marcellinus","ammianus marcellinus","100.0","100.0","100.0"
"calvin jean 15091564","calvin jean 15091564","100.0","100.0","100.0"
"baconthorpe john 1346","baconthorpe john 1346","100.0","100.0","100.0"
"william of malmesbury approximately 10901143","william of malmesbury","100.0","100.0","64.61538461538461"
"otto i bishop of freising 1158","otto i bishop of freising 1158","100.0","100.0","100.0"
"rabanus maurus archbishop of mainz 784856","rabanus maurus archbishop of mainz 784856","100.0","100.0","100.0"
"ekkehard iv approximately 980approximately 1060","ekkehard iv approximately 980approximately 1060","100.0","100.0","100.0"
"cardano girolamo 15011576","cardano girolamo 15011576","100.0","100.0","100.0"
"more thomas sir saint 14781535","more thomas saint","100.0","100.0","72.34042553191489"
"alciati andrea 14921550","alciati andrea 14921550","100.0","100.0","100.0"
"bodin jean 15301596","bodin jean 15301596","100.0","100.0","100.0"
"bude guillaume 14681540","bude guillaume 14681540","100.0","100.0","100.0"
"boxhorn marcus zuerius 16121653","boxhorn marcus zuerius 16121653","100.0","100.0","100.0"
"valeriano pierio 14771560","valeriano pierio 14771560","100.0","100.0","100.0"
"agrippa von nettesheim heinrich cornelius 14861535","agrippa von nettesheim heinrich cornelius 14861535","100.0","100.0","100.0"
"jerome saint 419 or 420","jerome saint 419 or 420","100.0","100.0","100.0"
"campanella tommaso 15681639","campanella tommaso 15681639","100.0","100.0","100.0"
"hyginus c julius","hyginus c julius","100.0","100.0","100.0"
"bruni leonardo 13691444","bruni leonardo 13691444","100.0","100.0","100.0"
"cochlaeus johannes 14791552","cochlaeus johannes 14791552","100.0","100.0","100.0"
"fabricius johann albert 16681736","fabricius johann albert 16681736","100.0","100.0","100.0"
"baudouin francois 15201573","baudouin francois 15201573","100.0","100.0","100.0"
"bracciolini poggio 13801459","bracciolini poggio","100.0","100.0","80.0"
"rhenanus beatus 14851547","rhenanus beatus 14851547","100.0","100.0","100.0"
"macrobius ambrosius aurelius theodosius","macrobius ambrosius aurelius theodosius","100.0","100.0","100.0"
"la rue charles de 16431725","la rue charles de","100.0","100.0","79.06976744186046"
"lipsius justus 15471606","lipsius justus 15471606","100.0","100.0","100.0"
"biondo flavio 13921463","biondo flavio 13921463","100.0","100.0","100.0"
"agustin antonio 15171586","agustin antonio 15171586","100.0","100.0","100.0"
"decembrio angelo approximately 14151462","decembrio angelo approximately 14151462","100.0","100.0","100.0"
"ricci matteo 15521610","ricci matteo 15521610","100.0","100.0","100.0"
"spinoza benedictus de 16321677","spinoza benedictus de","100.0","100.0","82.35294117647058"
"verino ugolino 14381516","verino ugolino 14381516","100.0","100.0","100.0"
"caussin nicolas 15831651","caussin nicolas 15831651","100.0","100.0","100.0"
"augurelli giovanni aurelio approximately 14561524","augurelli giovanni aurelio approximately 14561524","100.0","100.0","100.0"
"salvian of marseilles approximately 400approximately 480","salvian of marseilles","100.0","100.0","54.54545454545454"
"trigault nicolas 15771628","trigault nicolas 15771628","100.0","100.0","100.0"
"petrus de ebulo active 1196","petrus de ebulo active 1196","100.0","100.0","100.0"
"hrotsvitha ca 935ca 975","hrotsvitha","100.0","100.0","60.60606060606061"
"ulpian","ulpianus domitius","100.0","52.17391304347826","52.17391304347826"
"giraldus cambrensis 11461223","giraldus cambrensis","100.0","100.0","80.85106382978724"
"vergil polydore 14701555","vergil polydore 14701555","100.0","100.0","100.0"
"hugo herman 15881629","hugo herman 15881629","100.0","100.0","100.0"
"nifo agostino approximately 14731545","nifo agostino approximately 14731545","100.0","100.0","100.0"
"aldrovandi ulisse 15221605","aldrovandi ulisse 15221605","100.0","100.0","100.0"
"alberti leon battista 14041472","alberti leon battista 14041472","100.0","100.0","100.0"
"sannazaro jacopo 14581530","sannazaro jacopo","100.0","100.0","78.04878048780488"
"ferrari giovanni battista 15841655","ferrari giovanni battista 15841655","100.0","100.0","100.0"
"brant sebastian 14581521","brant sebastian 14581521","100.0","100.0","100.0"
"sigonio carlo 15241584","sigonio carlo 15241584","100.0","100.0","100.0"
"postel guillaume 15101581","postel guillaume 15101581","100.0","100.0","100.0"
"meurs johannes van 15791639","meurs johannes van 15791639","100.0","100.0","100.0"
"peckham john 1292","peckham john 1292","100.0","100.0","100.0"
"agobard saint 769840","agobard saint","100.0","100.0","78.78787878787878"
"cortesi paolo 14651510","cortesi paolo 14651510","100.0","100.0","100.0"
"widukind of corvey approximately 925approximately 973","widukind of corvey approximately 925approximately 973","100.0","100.0","100.0"
"pithou pierre 15391596","pithou pierre 15391596","100.0","100.0","100.0"
"pufendorf samuel freiherr von 16321694","pufendorf samuel freiherr von 16321694","100.0","100.0","100.0"
"fabricius georg 15161571","fabricius georg 15161571","100.0","100.0","100.0"
"nithard 844","nithard 844","100.0","100.0","100.0"
"walram bishop of naumburg 1111","walram bishop of naumburg","100.0","100.0","90.9090909090909"
"corippus flavius cresconius","corippus flavius cresconius","100.0","100.0","100.0"
"llull ramon 12321316","llull ramon 12321316","100.0","100.0","100.0"
"vossius isaac 16181689","vossius isaac 16181689","100.0","100.0","100.0"
"scaliger joseph juste 15401609","scaliger joseph juste","100.0","100.0","82.35294117647058"
"burman pieter 16681741","burman pieter 16681741","100.0","100.0","100.0"
"agricola georg 14941555","agricola georg 14941555","100.0","100.0","100.0"
"gambara lorenzo approximately 14951585","gambara lorenzo approximately 14951585","100.0","100.0","100.0"
"thomasius christian 16551728","thomasius christian 16551728","100.0","100.0","100.0"
"cyprianus gallus active 5th century","cyprianus gallus","100.0","100.0","62.745098039215684"
"flodoard of reims 894966","flodoard of reims","100.0","100.0","82.92682926829268"
"blarru pierre de 14371510","blarru pierre de 14371510","100.0","100.0","100.0"
"bacon francis 15611626","bacon francis","100.0","100.0","74.28571428571429"
"sidonius apollinaris saint 431 or 432approximately 487","sidonius apollinaris saint 431 or 432approximately 487","100.0","100.0","100.0"
"bissel johann 16011682","bissel johann 16011682","100.0","100.0","100.0"
"reusner nikolaus 15451602","reusner nikolaus 15451602","100.0","100.0","100.0"
"andrea johann valentin 15861654","valentinus","88.88888888888889","39.02439024390244","39.02439024390244"
"bordini giovanni francesco ca 15361609","bordini giovanni francesco approximately 15361609","100.0","95.89041095890411","80.45977011494253"
"manuzio paolo 15121574","manuzio paolo 15121574","100.0","100.0","100.0"
"isidore of seville saint d 636","isidore of seville saint","100.0","100.0","88.88888888888889"
"vattasso marco 18691925","vattasso marco 18691925","100.0","100.0","100.0"
"servius active 4th century","servius active 4th century","100.0","100.0","100.0"
"john of salisbury bishop of chartres 1180","john of salisbury bishop of chartres","100.0","100.0","93.5064935064935"
"peter of blois approximately 1135approximately 1212","peter of blois approximately 1135approximately 1212","100.0","100.0","100.0"
"albertus magnus saint 11931280","albertus magnus saint 11931280","100.0","100.0","100.0"
"petronius arbiter","petronius arbiter","100.0","100.0","100.0"
"boniface saint archbishop of mainz approximately 675754","boniface saint archbishop of mainz","100.0","100.0","76.40449438202246"
"ovid 43 bc17 or 18 ad","ovid 43 bc17 ad or 18 ad","100.0","100.0","93.33333333333333"
"gilles de corbeil active 1200","gilles de corbeil active 1200","100.0","100.0","100.0"
"suetonius ca 69ca 122","suetonius approximately 69approximately 122","100.0","76.47058823529412","59.375"
"hobbes thomas 15881679","hobbes thomas 15881679","100.0","100.0","100.0"
"villani filippo 1405","villani filippo 1405","100.0","100.0","100.0"
"aldhelm saint 640709","aldhelm saint","100.0","100.0","78.78787878787878"
"avienus rufius festus","avienus rufius festus","100.0","100.0","100.0"
"dati leonardo 1425","dati leonardo 14081472","100.0","85.0","85.0"
"hussowski mikoaj approximately 14751522","hussowski mikoaj approximately 14751522","100.0","100.0","100.0"
"melanchthon philipp 14971560","melancthon philipp","100.0","78.26086956521739","78.26086956521739"
"vossius gerardus joannes 15771649","vossius gerardus joannes 15771649","100.0","100.0","100.0"
"hutten ulrich von 14881523","hutten ulrich von 14881523","100.0","100.0","100.0"
"priscian active approximately 500530","priscian active approximately 500530","100.0","100.0","100.0"
"benseler gustav eduard 18061868","benseler gustav eduard 18061868","100.0","100.0","100.0"
"palingenio stellato marcello approximately 1500approximately 1543","palingenio stellato marcello approximately 1500approximately 1543","100.0","100.0","100.0"
"rutilius lupus publius","rutilius lupus publius","100.0","100.0","100.0"
"vast henri 18471921","vast henri 18471921","100.0","100.0","100.0"
"ephraem syrus saint 303373","ephraem syrus saint","100.0","100.0","84.44444444444444"
"nennius active 796","nennius active 796","100.0","100.0","100.0"
"bergk theodor 18121881","bergk theodor 18121881","100.0","100.0","100.0"
"wyttenbach daniel albert 17461820","wyttenbach daniel albert 17461820","100.0","100.0","100.0"
"arnobius of sicca","arnobius of sicca","100.0","100.0","100.0"
"sedulius active 5th century","sedulius active 5th century","100.0","100.0","100.0"
"faustus of riez active 5th century","faustus of riez","100.0","100.0","61.224489795918366"
"buecheler franz 18371908","buecheler franz 18371908","100.0","100.0","100.0"
"gerhoh of reichersberg provost of reichersberg approximately 10931169","gerhoh of reichersberg provost of reichersberg","100.0","100.0","80.0"
"herbert of bosham active 12th century","herbert of bosham active 12th century","100.0","100.0","100.0"
"walahfrid strabo 807849","walahfrid strabo 807849","100.0","100.0","100.0"
"haase friedrich 18081867","haase friedrich 18081867","100.0","100.0","100.0"
"optatus saint bishop of mileve active 4th century","optatus saint bishop of mileve","100.0","100.0","75.9493670886076"
"wycliffe john 1384","wycliffe john 1384","100.0","100.0","100.0"
"amelli ambrogio 18481933","amelli ambrogio 18481933","100.0","100.0","100.0"
"schomann george friedrich 17931879","schomann georg friedrich 17931879","100.0","98.50746268656717","98.50746268656717"
"christ wilhelm von 18311906","christ wilhelm von 18311906","100.0","100.0","100.0"
"schomann georg friedrich 17931879","schomann georg friedrich 17931879","100.0","100.0","100.0"
"hermann karl friedrich 18041855","hermann karl friedrich 18041855","100.0","100.0","100.0"
"catallus gaius valerius","catullus gaius valerius","100.0","95.65217391304348","95.65217391304348"
"censorinus","censorinus","100.0","100.0","100.0"
"cato marcus porcius 234 bc149 bc","cato marcus porcius","100.0","100.0","74.50980392156863"
"ribbeck otto 18271898","ribbeck otto 18271898","100.0","100.0","100.0"
"klotz reinhold 18071870","klotz reinhold 18071870","100.0","100.0","100.0"
"gundermann gotthold 18561921","gundermann gotthold 18561921","100.0","100.0","100.0"
"ruperti georg alexander 17581839","ruperti georg alexander 17581839","100.0","100.0","100.0"
"lucilius","lucilius gaius approximately 180 bcapproximately 102 bc","100.0","100.0","25.396825396825395"
"vahlen johannes 18301911","vahlen johannes 18301911","100.0","100.0","100.0"
"dinter bernhard 1825","dinter bernard","100.0","82.35294117647058","82.35294117647058"
"pohlenz m 18721962","pohlenz m max 18721962","100.0","100.0","90.0"
"plautus titus maccius","plautus titus maccius","100.0","100.0","100.0"
"sallust 8634 bc","sallust","100.0","100.0","63.63636363636363"
"severus sanctus endelechius","endelechius severus sanctus ca 45th century","100.0","100.0","77.14285714285715"
"larroumet gustave 18521902","larroumet gustave","100.0","100.0","79.06976744186046"
"valerius flaccus gaius 1st cent","valerius flaccus gaius","100.0","100.0","83.01886792452831"
"weichert jonathan august 17881844","weichert august 17881844","100.0","100.0","84.21052631578947"
"pontanus jacob 15421626","pontanus jacob 15421626","100.0","100.0","100.0"
"mallius theodorus","mallius theodorus flavius","100.0","100.0","80.95238095238095"
"schoen henricus","schenkl heinrich 18591919","80.0","60.0","60.0"
"richer of saintremy active 10th century","richer of saintremy active 10th century","100.0","100.0","100.0"
"novati francesco 18591915","novati francesco 18591915","100.0","100.0","100.0"
"krueger paul 18401926","krueger paul 18401926","100.0","100.0","100.0"
"verrius flaccus marcus","verrius flaccus marcus","100.0","100.0","100.0"
"gregory bishop of tours saint 538594","gregory bishop of tours saint","100.0","100.0","89.23076923076923"
"lactantius ca 240ca 320","lactantius","100.0","100.0","60.60606060606061"
"paulinus of nola saint approximately 353431","paulinus of nola saint approximately 353431","100.0","100.0","100.0"
"erasmus desiderius d 1536","erasmus desiderius","100.0","100.0","83.72093023255813"
"hildegard saint 10981179","hildegard saint","100.0","100.0","76.92307692307692"
"eutropius 4th cent","eutropius active 4th century","100.0","83.87096774193549","78.26086956521739"
"ernesti johann august 17071781","ernesti johann august 17071781","100.0","100.0","100.0"
"ausonius decimus magnus","ausonius decimus magnus","100.0","100.0","100.0"
"giberti giovanni matteo 14951543","giberti giovanni matteo 14951543","100.0","100.0","100.0"
"eutropius active 4th century","eutropius active 4th century","100.0","100.0","100.0"
"cato marcus porcius 234149 bc","cato marcus porcius","100.0","100.0","79.16666666666666"
"bernard of clairvaux saint 1090 or 10911153","bernard of clairvaux saint","100.0","100.0","75.36231884057972"
"innocent iii pope 1160 or 11611216","innocent iii pope 1160 or 11611216","100.0","100.0","100.0"
"dicuil fl 825","dicuil","100.0","100.0","63.1578947368421"
"bruno giordano 15481600","bruno giordano 15481600","100.0","100.0","100.0"
"lessing gotthold ephraim 17291781","lessing gotthold ephraim 17291781","100.0","100.0","100.0"
"gneist rudolph 18161895","gneist rudolph 18161895","100.0","100.0","100.0"
"haupt moriz 18081874","haupt moriz 18081874","100.0","100.0","100.0"
"facio bartolomeo 1457","facio bartolomeo 1457","100.0","100.0","100.0"
"cowley abraham 16181667","cowley abraham 16181667","100.0","100.0","100.0"
"nodell jan adam 1814","nodell jan adam 1814","100.0","100.0","100.0"
"lotichius petrus 15281560","lotichius petrus","100.0","100.0","78.04878048780488"
"sarbiewski maciej kazimierz 15951640","sarbiewski maciej kazimierz 15951640","100.0","100.0","100.0"
"kochly hermann 18151876","kochly hermann 18151876","100.0","100.0","100.0"
"meineke august 17901870","meineke august 17901870","100.0","100.0","100.0"
"spengel leonhard von 18031880","spengel leonhard von 18031880","100.0","100.0","100.0"
"joannes secundus 15111536","janus secundus","100.0","72.72727272727272","66.66666666666667"
"alcuin 735804","alcuin 735804","100.0","100.0","100.0"
"manilius marcus","manilius marcus","100.0","100.0","100.0"
"beze theodore de 15191605","beze theodore de 15191605","100.0","100.0","100.0"
"bucer martin 14911551","bucer martin 14911551","100.0","100.0","100.0"
"minucius felix marcus","minucius felix marcus","100.0","100.0","100.0"
"suetonius ca 69approximately 122","suetonius approximately 69approximately 122","100.0","95.08196721311475","82.66666666666667"
"seneca lucius annaeus ca 4 bc65 ad","seneca lucius annaeus approximately 4 bc65 ad","100.0","95.38461538461539","78.48101265822784"
"gottschalk of orbais approximately 803approximately 867","gottschalk of orbais approximately 803approximately 867","100.0","100.0","100.0"
"vitruvius pollio marcus","vitruvius pollio","100.0","100.0","82.05128205128204"
"scaligero giulio cesare 14841558","scaligero giulio cesare","100.0","100.0","83.63636363636364"
"isidore of seville saint 636","isidore of seville saint","100.0","100.0","92.3076923076923"
"fulgentius fabius planciades","fulgentius fabius planciades","100.0","100.0","100.0"
"columella lucius junius moderatus","columella lucius junius moderatus","100.0","100.0","100.0"
"martianus capella","martianus capella","100.0","100.0","100.0"
"valla lorenzo 14071457","valla lorenzo 14071457","100.0","100.0","100.0"
"filelfo francesco 13981481","filelfo francesco 13981481","100.0","100.0","100.0"
"pontano giovanni gioviano 14291503","pontano giovanni gioviano","100.0","100.0","84.7457627118644"
"bonaventure saint cardinal ca 12171274","bonaventure saint cardinal approximately 12171274","100.0","95.89041095890411","80.45977011494253"
"nebrija antonio de 14441522","nebrija antonio de 14441522","100.0","100.0","100.0"
"arator subdiaconus fl 513544","arator subdiaconus","100.0","100.0","78.26086956521739"
"boethius d 524","boethius 524","100.0","100.0","92.3076923076923"
"biel gabriel d1495","biel gabriel 1495","100.0","97.14285714285714","68.57142857142857"
"baconthorpe john ca 12901346","baconthorpe john 1346","100.0","86.48648648648648","85.71428571428572"
"livius titus patavinus","livy","85.71428571428572","23.07692307692308","23.076923076923073"
"cassian john ca 360ca 435","cassian john","100.0","100.0","64.86486486486487"
"plinius secundus caius 2379 ad","pliny the elder","46.666666666666664","35.55555555555556","35.55555555555555"
"livius patavinus titus","livy","85.71428571428572","23.07692307692308","23.076923076923073"
"porphyrius publius optatianus","porfyrius p optatianus","100.0","74.50980392156863","74.50980392156863"
"seneca lucius annaeus ca 55 bcca 39 ad","seneca lucius annaeus approximately 55 bcapproximately 39 ad","100.0","88.23529411764706","71.42857142857143"
"laciantius ca 240ca 320","lactantius","90.0","54.54545454545455","54.54545454545454"
"jerome saint d 419 or 20","jerome saint 419 or 420","100.0","93.61702127659575","85.1063829787234"
"merobaudes flavius 5th cent","merobaudes flavius","100.0","100.0","80.0"
"longolius christophorus 14881522","longolius christophorus 14881522","100.0","100.0","100.0"
"bracton henry de 1268","bracton henry de 1268","100.0","100.0","100.0"
"prudentius b 348","prudentius 348","100.0","100.0","93.33333333333333"
"orelli johann kaspar von 17871849","orelli johann kaspar von 17871849","100.0","100.0","100.0"
"hilary saint bishop of poitiers d 367","hilary saint bishop of poitiers 367","100.0","100.0","97.22222222222221"
"ernesti august wilhelm 17331801","ernesti august wilhelm 17331801","100.0","100.0","100.0"
"krumbiegel richard","krumbiegel richard 1867","100.0","100.0","87.8048780487805"
"cunich raimondo 17191794","cunich raimondo 17191794","100.0","100.0","100.0"
"nicholas of cusa cardinal 14011464","nicholas of cusa cardinal 14011464","100.0","100.0","100.0"
"servetus michael 15111553","servetus michael 15111553","100.0","100.0","100.0"
"ubaldi baldo degli 13271400","ubaldi baldo degli 13271400","100.0","100.0","100.0"
"bonaventure saint cardinal approximately 12171274","bonaventure saint cardinal approximately 12171274","100.0","100.0","100.0"
"basinio da parma 14251457","basinio da parma 14251457","100.0","100.0","100.0"
"laciantius lucius caecilius firmianus","lactantius","90.0","38.297872340425535","38.297872340425535"
"ennodius magnus felix saint 474521","ennodius magnus felix saint","100.0","100.0","88.52459016393442"
"agricola rodolphus 14431485","agricola rodolphus 14431485","100.0","100.0","100.0"
"riese alexander 18401922","riese alexander 18401922","100.0","100.0","100.0"
"nogarola isotta 14181466","nogarola isotta 14181466","100.0","100.0","100.0"
"virgilius maro grammaticus active 7th century","virgilius maro grammaticus active 7th century","100.0","100.0","100.0"
"priscianus theodorus","priscianus theodorus","100.0","100.0","100.0"
"pontanus johannes isacius 15711639","pontanus johannes isacius 15711639","100.0","100.0","100.0"
"sanchez de las brozas francisco 15231601","sanchez de las brozas francisco 15231601","100.0","100.0","100.0"
"cano melchor 15091560","cano melchor 15091560","100.0","100.0","100.0"
"bartholin thomas 16161680","bartholin thomas 16161680","100.0","100.0","100.0"
"gassendi pierre 15921655","gassendi pierre 15921655","100.0","100.0","100.0"
"thomas a kempis 13801471","thomas a kempis 13801471","100.0","100.0","100.0"
"gataker thomas 15741654","gataker thomas 15741654","100.0","100.0","100.0"
"bembo pietro 14701547","bembo pietro 14701547","100.0","100.0","100.0"
"navagero andrea 14831529","navagero andrea","100.0","100.0","76.92307692307692"
"cassius felix","cassius felix","100.0","100.0","100.0"
"bidermann jakob 1577 or 15781639","bidermann jakob 1577 or 15781639","100.0","100.0","100.0"
"paris matthew 12001259","paris matthew 12001259","100.0","100.0","100.0"
"baptista mantuanus 14471516","baptista mantuanus 14481516","100.0","96.29629629629629","96.2962962962963"
"fracastoro girolamo 14781553","fracastoro girolamo 14781553","100.0","100.0","100.0"
"foglietta uberto 15181581","foglietta uberto 15181581","100.0","100.0","100.0"
"schottus andreas 15521629","schottus andreas 15521629","100.0","100.0","100.0"
"polignac melchior de 16611742","polignac melchior de 16611742","100.0","100.0","100.0"
"symmachus quintus aurelius approximately 340402","symmachus quintus aurelius approximately 340402","100.0","100.0","100.0"
"dupuy jacques 15911656","dupuy jacques 15911656","100.0","100.0","100.0"
"campano giannantonio bishop 14291477","campano giannantonio bishop 14291477","100.0","100.0","100.0"
"freinsheim johann 16081660","freinsheim johann 16081660","100.0","100.0","100.0"
"saumaise claude 15881653","saumaise claude 15881653","100.0","100.0","100.0"
"fulcoius belvacensis approximately 1020approximately 1083","fulcoius belvacensis","100.0","100.0","51.94805194805194"
"abbo monk of st germain approximately 850approximately 923","abbo monk of st germain approximately 850approximately 923","100.0","100.0","100.0"
"newton isaac 16421727","newton isaac","100.0","100.0","72.72727272727273"
"hagen hermann 18441898","hagen hermann 18441898","100.0","100.0","100.0"
"bernoulli jakob 16541705","bernoulli jakob 16541705","100.0","100.0","100.0"
"maittaire michael 16671747","maittaire michael 16671747","100.0","100.0","100.0"
"poleni giovanni 16831761","poleni giovanni 16831761","100.0","100.0","100.0"
"bonfini antonio 14271502","bonfini antonio 14271502","100.0","100.0","100.0"
"aventinus johannes 14771534","aventinus johannes 14771534","100.0","100.0","100.0"
"thou jacquesauguste de 15531617","thou jacquesauguste de 15531617","100.0","100.0","100.0"
"eusevius pamphili bp of caesarea","eusebius of caesarea bishop of caesarea","100.0","74.57627118644068","64.7887323943662"
"villani filippo d 1405","villani filippo 1405","100.0","100.0","95.23809523809523"
"morhof daniel georg 16391691","morhof daniel georg 16391691","100.0","100.0","100.0"
"hilary saint bishop of poitiers 367","hilary saint bishop of poitiers 367","100.0","100.0","100.0"
"avancini nicolaus von 16111686","avancini nicolaus von 16111686","100.0","100.0","100.0"
"beccadelli antonio 13941471","beccadelli antonio 13941471","100.0","100.0","100.0"
"barth kaspar von 15871658","barth kaspar von 15871658","100.0","100.0","100.0"
"obsequens julius","obsequens julius","100.0","100.0","100.0"
"antonius marcus 83 bc30 bc","antonius marcus 83 bc30 bc","100.0","100.0","100.0"
"valois henri de 16031676","valois henri de 16031676","100.0","100.0","100.0"
"tacitus corneluis","tacitus cornelius","100.0","94.11764705882354","94.11764705882352"
"aurelianus caelius","aurelianus caelius","100.0","100.0","100.0"
"ernest johann august 17071781","ernesti johann august 17071781","100.0","98.30508474576271","98.30508474576271"
"susemihl franz","susemihl franz 18261901","100.0","100.0","75.67567567567568"
"koechly hermann august theodor","kochly hermann 18151876","100.0","56.60377358490566","56.60377358490566"
"alfred of sareshel","alfred of sareshel","100.0","100.0","100.0"
"struve k l 17851838","struve k l karl ludwig 17851838","100.0","100.0","76.0"
"hanke friedrich","ranke friedrich 18821950","100.0","75.0","71.7948717948718"
"plinius caecilus secundus c","pliny the elder","53.333333333333336","42.857142857142854","42.85714285714286"
"lubin eilhard 15651621","lubin eilhard 15651621","100.0","100.0","100.0"
"heinsius nicolaas 16201681","heinsius nicolaas 16201681","100.0","100.0","100.0"
"cunaeus petrus 15861638","cunaeus petrus 15861638","100.0","100.0","100.0"
"huet pierredaniel 16301721","huet pierredaniel 16301721","100.0","100.0","100.0"
"gentili scipione 15631616","gentili scipione 15631616","100.0","100.0","100.0"
"crusius thomas theodorus 16481728","crenius thomas 16481728","100.0","78.94736842105263","75.0"
"vermigli pietro martire 14991562","vermigli pietro martire 14991562","100.0","100.0","100.0"
"baerle caspar van 15841648","baerle caspar van 15841648","100.0","100.0","100.0"
"janus secundus 15111536","janus secundus","100.0","100.0","75.67567567567568"
"severus sulpicius","severus sulpicius","100.0","100.0","100.0"
"haymo bishop of halberstadt 853","haymo bishop of halberstadt 853","100.0","100.0","100.0"
"ennius quintus","ennius quintus","100.0","100.0","100.0"
"lucilius gaius approximately 180 bcapproximately 102 bc","lucilius gaius approximately 180 bcapproximately 102 bc","100.0","100.0","100.0"
"lommatzsch ernst 1871","lommatzsch ernst 18711949","100.0","91.30434782608695","91.30434782608697"
"lupus of ferrieres approximately 805approximately 862","lupus of ferrieres","100.0","100.0","50.70422535211267"
"gruner johann friedrich 17231778","gruner johann friedrich 17231778","100.0","100.0","100.0"
"jan ludwig von","jan ludwig von 18071869","100.0","100.0","75.67567567567568"
"eucherius of lyon saint 449","eucherius of lyon saint","100.0","100.0","92.0"
"sepulveda juan gines de 14901573","sepulveda juan gines de 14901573","100.0","100.0","100.0"
"reinesius thomas 15871667","reinesius thomas 15871667","100.0","100.0","100.0"
"linacre thomas 14601524","linacre thomas 14601524","100.0","100.0","100.0"
"oecolampadius johann 14821531","oecolampadius johann 14821531","100.0","100.0","100.0"
"viperano giovanni antonio 15351610","viperano giovanni antonio 15351610","100.0","100.0","100.0"
"frischlin nicodemus 15471590","frischlin nicodemus 15471590","100.0","100.0","100.0"
"tertullian ca 160ca 230","tertullian","100.0","100.0","60.60606060606061"
"casaubon isaac 15591614","casaubon isaac 15591614","100.0","100.0","100.0"
"festus sextus pompeius 2nd cent","festus sextus pompeius","100.0","100.0","83.01886792452831"
"ohler franciscus","noel francois 16511729","68.96551724137932","52.63157894736842","52.63157894736843"
"thomas a becket saint 11181170","thomas a becket saint","100.0","100.0","82.35294117647058"
"philargyrius junius","philargyrius junius","100.0","100.0","100.0"
"peerlkamp petrus hofman 17861865","peerlkamp petrus hofman 17861865","100.0","100.0","100.0"
"petrus de ebulo fl 1196","petrus de ebulo active 1196","100.0","93.02325581395348","80.0"
"walter of aquitaine","walter of aquitaine","100.0","100.0","100.0"
"telesio antonio 14821533","telesio antonio 14821533","100.0","100.0","100.0"
"flaminio marco antonio 14981550","flaminio marco antonio 14981550","100.0","100.0","100.0"
"castiglione baldassarre conte 14781529","castiglione baldassarre conte 14781529","100.0","100.0","100.0"
"hume david 15601630","hume david 15601630","100.0","100.0","100.0"
"colet john 14671519","colet john 14671519","100.0","100.0","100.0"
"kochly hermann august theodor 18151876","kochly hermann 18151876","100.0","100.0","75.40983606557377"
"vliet joannes van der","vliet joannes van der 18471902","100.0","100.0","82.35294117647058"
"leibniz gottfried wilhelm freiherr von 16461716","leibniz gottfried wilhelm freiherr von 16461716","100.0","100.0","100.0"
"erasmus desiderius 1536","erasmus desiderius","100.0","100.0","87.8048780487805"
"harvey william 15781657","harvey william 15781657","100.0","100.0","100.0"
"ursinus velius caspar 14931539","vel caspar ursinus 14931538","100.0","91.2280701754386","91.22807017543859"
"ambrose saint bishop of milan d 397","ambrose saint bishop of milan","100.0","100.0","90.625"
"lambert von hersfeld d 1088","lambert von hersfeld","100.0","100.0","85.1063829787234"
"masen jakob 16061681","masen jakob 16061681","100.0","100.0","100.0"
"john of salisbury bishop of chartres d 1180","john of salisbury bishop of chartres","100.0","100.0","91.13924050632912"
"dubner fr 18021867","dubner fr friedrich 18021867","100.0","100.0","78.26086956521739"
"erigena johannes scotus ca 810ca 877","erigena johannes scotus","100.0","100.0","77.96610169491525"
"abelard peter 10791142","abelard peter","100.0","100.0","74.28571428571429"
"facrno gabriello d 1561","faerno gabriello 15111561","100.0","83.33333333333333","83.33333333333334"
"silius italicus tiberius catius d 10 ad","silius italicus tiberius catius","100.0","100.0","88.57142857142857"
"gazes theodoros approximately 1400approximately 1475","gazes theodoros approximately 1400approximately 1475","100.0","100.0","100.0"
"baptista mantuanus 14481516","baptista mantuanus 14481516","100.0","100.0","100.0"
"buchanan george 15061582","buchanan george","100.0","100.0","76.92307692307692"
"hortensius lambertus 1500 or 15011574","hortensius lambertus 1500 or 15011574","100.0","100.0","100.0"
"sidonius c sollius modestus apollinaris","sidonius apollinaris saint 431 or 432approximately 487","100.0","67.79661016949152","51.61290322580645"
"heinsius daniel 15801655","heinsius daniel 15801655","100.0","100.0","100.0"
"gerson jean 13631429","gerson jean 13631429","100.0","100.0","100.0"
"hugh of saintcher cardinal approximately 12001263","hugh of saintcher cardinal","100.0","100.0","69.33333333333334"
"bartolo of sassoferrato 13131357","bartolo of sassoferrato 13131357","100.0","100.0","100.0"
"epiphanius saint bishop of constantia in cyprus ca 310403","epiphanius saint bishop of constantia in cyprus","100.0","100.0","90.38461538461539"
"bradwardine thomas 12901349","bradwardine thomas","100.0","100.0","80.0"
"prosper of aquitaine saint ca 390ca 463","prosper of aquitaine saint","100.0","100.0","80.0"
"gregory i pope ca 540604","gregory i pope","100.0","100.0","73.6842105263158"
"gemoll wilhelm 18501934","gemoll wilhelm 18501934","100.0","100.0","100.0"
"bernard of clairvaux saint 1090 or 911153","bernard of clairvaux saint","100.0","100.0","77.61194029850746"
"gronovius johannes fredericus 16861762","gronovius joannes fredericus 16111671","100.0","88.0","88.0"
"grattius faliscus","grattius faliscus","100.0","100.0","100.0"
"graevius joannes georgius 16321703","graevius joannes georgius 16321703","100.0","100.0","100.0"
"cicero marcus tullius 10643 bc e","cicero marcus tullius","100.0","100.0","79.24528301886792"
"paolo veneto ca 13701428","paolo veneto approximately 13701428","100.0","93.33333333333333","77.96610169491525"
"liudprand bishop of cremona d ca 972","liudprand bishop of cremona","100.0","100.0","85.71428571428572"
"ailly pierre d 13501420","ailly pierre d 13501420","100.0","100.0","100.0"
"bovillus carolus 14791567","bovillus carolus 14791567","100.0","100.0","100.0"
"albertus de saxonia d 1390","albertus de saxonia 1390","100.0","100.0","96.0"
"marzio galeotto 14271497","marzio galeotto 14271497","100.0","100.0","100.0"
"luis de granada 15041588","luis de granada 15041588","100.0","100.0","100.0"
"canonieri pietro andrea 1639","canonieri pietro andrea 1639","100.0","100.0","100.0"
"reuchlin johann 14551522","reuchlin johann 14551522","100.0","100.0","100.0"
"platina 14211481","platina 14211481","100.0","100.0","100.0"
"vadianus joachim 14841551","vadianus joachim 14841551","100.0","100.0","100.0"
"bona giovanni 16091674","bona giovanni 16091674","100.0","100.0","100.0"
"turnebe adrien 15121565","turnebe adrien 15121565","100.0","100.0","100.0"
"vettori pietro 14991585","vettori pietro 14991585","100.0","100.0","100.0"
"ficino marsilio 14331499","ficino marsilio 14331499","100.0","100.0","100.0"
"sabellico 14361506","sabellico 14361506","100.0","100.0","100.0"
"biel gabriel d 1495","biel gabriel 1495","100.0","100.0","94.44444444444444"
"palingenio stellato marcello ca 1500ca 1543","palingenio stellato marcello approximately 1500approximately 1543","100.0","86.84210526315789","75.92592592592592"
"volpi gio antonio 16861766","volpi gio antonio 16861766","100.0","100.0","100.0"
"cassiodorus senator ca 487ca 580","cassiodorus senator","100.0","100.0","74.50980392156863"
"newton isaac sir 16421727","newton isaac","100.0","100.0","64.86486486486487"
"estienne robert 15031559","estienne robert 15031559","100.0","100.0","100.0"
"facio bartolomeo d 1457","facio bartolomeo 1457","100.0","100.0","95.45454545454545"
"bessarion cardinal 14031472","bessarion cardinal 14031472","100.0","100.0","100.0"
"lhospital michel de 15071573","lhospital michel de 15071573","100.0","100.0","100.0"
"beroaldo filippo 14531505","beroaldo filippo 14531505","100.0","100.0","100.0"
"sautel pierrejuste 16131662","sautel pierrejuste 16131662","100.0","100.0","100.0"
"ocland christopher 1590","ocland christopher 1590","100.0","100.0","100.0"
"wycliffe john d 1384","wycliffe john 1384","100.0","100.0","94.73684210526316"
"buridan jean 13001358","buridan jean 13001358","100.0","100.0","100.0"
"joachim of fiore approximately 11321202","joachim of fiore approximately 11321202","100.0","100.0","100.0"
"giles of rome archbishop of bourges approximately 12431316","giles of rome archbishop of bourges approximately 12431316","100.0","100.0","100.0"
"clark albert curtis 18591937","clark albert curtis 18591937","100.0","100.0","100.0"
"hirtius aulus","hirtius aulus","100.0","100.0","100.0"
"hugh of saintvictor 10961141","hugh of saintvictor 10961141","100.0","100.0","100.0"
"nithard d 844","nithard 844","100.0","100.0","91.66666666666666"
"wyttenbach daniel 17461820","wyttenbach daniel albert 17461820","100.0","100.0","88.13559322033898"
"hosius carl 18661937","hosius carl 18661937","100.0","100.0","100.0"
"hertz martin","hertz martin","100.0","100.0","100.0"
"porphyrius publilius optatianus","porfyrius p optatianus","100.0","71.69811320754717","71.69811320754718"
"bernard of chartres","bernard of chartres","100.0","100.0","100.0"
"rapin rene 16211687","rapin rene 16211687","100.0","100.0","100.0"
"giovanni dandrea approximately 12701348","giovanni dandrea approximately 12701348","100.0","100.0","100.0"
"marsilius of inghen 1396","marsilius of inghen 1396","100.0","100.0","100.0"
"scaliger julius ceasar 14841558","scaligero giulio cesare","80.0","66.66666666666666","66.66666666666667"
"enk petrus joannes 1885","enk petrus joannes 1885","100.0","100.0","100.0"
"edwardes david","edguard david approximately 1502approximately 1542","100.0","52.63157894736842","34.375"
"giles of rome archbishop of bourges ca 12431316","giles of rome archbishop of bourges approximately 12431316","100.0","96.47058823529412","83.80952380952381"
"seneca lucio anneo ca 4 ac65 dc","seneca lucius annaeus approximately 4 bc65 ad","100.0","63.1578947368421","63.1578947368421"
"virgilio maron publio 7019 a c","virgil","100.0","33.33333333333333","33.333333333333336"
"alberto magno santo 12061280","albertus magnus saint 11931280","77.77777777777779","75.86206896551724","75.86206896551724"
"celso aulo cornelio","celsus aulus cornelius","78.94736842105263","78.04878048780488","78.04878048780488"
"alciati andrea","alciati andrea 14921550","100.0","100.0","75.67567567567568"
"ubaldi baldo degli","ubaldi baldo degli 13271400","100.0","100.0","80.0"
"plinio segundo cayo 2379 dc","pliny the elder","53.333333333333336","38.095238095238095","38.095238095238095"
"agustin santo obispo de hipona 354430","augustine of hippo saint 354430","100.0","79.41176470588235","79.41176470588236"
"ciceron marco tulio 10643 ac","cicero marcus tullius","80.0","65.3061224489796","65.3061224489796"
"cano melchor op 15091560","cano melchor 15091560","100.0","100.0","93.33333333333333"
"leibniz gottfried wilhelm 16461716","leibniz gottfried wilhelm freiherr von 16461716","100.0","100.0","83.9506172839506"
"ovidio nason publio 43 ac17 dc","ovid 43 bc17 ad or 18 ad","100.0","54.90196078431372","51.85185185185186"
"valla lorenzo 14061457","valla lorenzo 14071457","100.0","95.45454545454545","95.45454545454545"
"vida marco girolamo","vida marco girolamo","100.0","100.0","100.0"
"marineo siculo lucio","marineo lucio","100.0","100.0","78.78787878787878"
"nicolas de lyre","nicholas of lyra approximately 12701349","80.0","48.148148148148145","48.14814814814815"
"lucano marco anneo 3965","lucan","100.0","35.71428571428571","35.71428571428571"
"bouelles charles de","bovillus carolus 14791567","62.857142857142854","50.0","50.0"
"isidoro santo arzobispo de sevilla 560636","isidore of seville saint","84.44444444444444","58.46153846153846","58.46153846153845"
"erasmus desiderius 14671536","erasmus desiderius","100.0","100.0","80.0"
"sanders nicholas ca15301581","sander nicholas 15301581","100.0","94.11764705882354","94.11764705882352"
"valerius cornelius","valerianus cornelius","100.0","94.73684210526315","94.73684210526316"
"ramon llull beato 12321315","llull ramon 12321316","100.0","82.6086956521739","82.6086956521739"
"nicolas de cusa 14011464","nicholas of cusa cardinal 14011464","100.0","79.3103448275862","72.41379310344827"
"viperano giovanni antonio","viperano giovanni antonio 15351610","100.0","100.0","84.7457627118644"
"mela pomponio","mela pomponius","100.0","88.88888888888889","88.88888888888889"
"kircher athanasius 16011680","kircher athanasius 16021680","100.0","96.29629629629629","96.2962962962963"
"major john 14691550","major john 14691550","100.0","100.0","100.0"
"virgilio polydoro 14701555","vergil polydore 14701555","100.0","88.0","88.0"
"scaligero giulio cesare","scaligero giulio cesare","100.0","100.0","100.0"
"platina bartolomeo 14211481","platina 14211481","100.0","100.0","74.4186046511628"
"leon i papa santo m 461","leo i pope","100.0","48.484848484848484","48.484848484848484"
"gesner konrad 15161565","gessner conrad 15161565","100.0","66.66666666666666","66.66666666666667"
"ambrosio santo obispo de milan 340397","ambrose saint bishop of milan","100.0","72.72727272727272","63.63636363636363"
"lactancio lucio celio firmiano ca 260ca 320","lactantius","70.0","30.188679245283012","30.188679245283023"
"pontano giovanni gioviano 14261503","pontano giovanni gioviano","100.0","100.0","84.7457627118644"
"castellesi adriano","castellesi adriano approximately 1461","100.0","100.0","65.45454545454545"
"de vio tommaso 14691534","cajetan tommaso de vio 14691534","100.0","100.0","85.18518518518519"
"cornarius ianus","cornarius janus 15001558","100.0","75.0","71.7948717948718"
"boccaccio giovanni 13131375","boccaccio giovanni 13131375","100.0","100.0","100.0"
"filopon juan","philoponus john active 6th century","70.0","30.434782608695656","30.434782608695656"
"calcagnini celio","calcagnini celio 14791541","100.0","100.0","78.04878048780488"
"fulgencio de ruspe santo 463533","fulgentius saint bishop of ruspa","66.66666666666667","60.317460317460316","60.31746031746032"
"alvares manuel si 15261583","alvares manuel 15261583","100.0","100.0","93.87755102040816"
"emili paolo","emili paolo 1529","100.0","100.0","81.4814814814815"
"marsilius de inghen","marsilius of inghen 1396","100.0","91.42857142857143","79.06976744186046"
"sidonio apolinar santo 431487","sidonius apollinaris saint 431 or 432approximately 487","75.86206896551724","65.06024096385542","65.06024096385542"
"eulogio de cordoba santo m 859","eulogius of cordoba saint","100.0","72.72727272727272","72.72727272727273"
"agricola rudolf 14431485","agricola rodolphus 14431485","100.0","86.27450980392157","86.27450980392157"
"inocencio iii papa 11601216","innocent iii pope 1160 or 11611216","100.0","75.40983606557377","75.40983606557377"
"cipriano santo obispo de cartago ca 210258","cyprian saint bishop of carthage","65.625","56.75675675675676","56.75675675675676"
"fox morcillo sebastian","morcillo sebastian fox approximately 1526approximately 1560","100.0","100.0","54.32098765432099"
"georgius trapezuntius","george of trebizond 13961486","55.00000000000001","44.89795918367347","44.89795918367348"
"curcio rufo quinto","curtius rufus quintus","72.22222222222221","71.7948717948718","71.7948717948718"
"decembrio angelo ca 14151462","decembrio angelo approximately 14151462","100.0","94.33962264150944","80.59701492537313"
"baconthorpe john m1346","baconthorpe john 1346","100.0","97.67441860465117","74.4186046511628"
"maffei giovanni pietro 15331603","maffei giovanni pietro 15361603","100.0","96.7741935483871","96.7741935483871"
"gaza theodorus 13981475","gazes theodoros approximately 1400approximately 1475","66.66666666666667","48.0","48.0"
"patrizi francesco","patrizi francesco","100.0","100.0","100.0"
"torquemada juan de 13881468","torquemada juan de 13881468","100.0","100.0","100.0"
"luis de granada op 15041588","luis de granada 15041588","100.0","100.0","94.11764705882352"
"aponius","apponius","92.3076923076923","93.33333333333333","93.33333333333333"
"burchardus episcopus wormaciensis","burchard bishop of worms","58.33333333333333","56.14035087719298","56.14035087719298"
"biel gabriel","biel gabriel 1495","100.0","100.0","82.75862068965517"
"vitoria francisco de 14831546","vitoria francisco de 14861546","100.0","96.55172413793103","96.55172413793103"
"facio bartolomeo","facio bartolomeo 1457","100.0","100.0","86.48648648648648"
"juan de segovia 13931458","segovia juan de 13931458","100.0","100.0","100.0"
"vicente de lerins santo s5","vincent of lerins saint","100.0","77.55102040816327","77.55102040816327"
"bartolo da sassoferrato","bartolo of sassoferrato 13131357","100.0","93.02325581395348","76.36363636363637"
"hilario de poitiers santo 315367","hilary saint bishop of poitiers 367","100.0","74.6268656716418","74.62686567164178"
"anselmo santo arzobispo de canterbury 10331109","anselm saint archbishop of canterbury","100.0","72.28915662650603","72.28915662650603"
"lapide cornelius a si 15671637","lapide cornelius cornelii a 15671637","100.0","94.73684210526315","81.81818181818181"
"muret marc antoine 15261585","muret marcantoine 15261585","100.0","83.01886792452831","83.01886792452831"
"pascasio radberto santo","paschasius radbertus saint","78.26086956521739","81.63265306122449","81.63265306122449"
"tacito cayo cornelio","tacitus cornelius","81.25","70.27027027027027","70.27027027027026"
"saenz de aguirre jose 16301699","saenz de aguirre jose 16301699","100.0","100.0","100.0"
"sirmond jacques s i 15591651","sirmond jacques 15591651","100.0","100.0","92.3076923076923"
"buenaventura santo 12211274","bonaventure saint cardinal approximately 12171274","59.25925925925925","60.526315789473685","60.526315789473685"
"monachus antonius","giovanni di san vincenzo al volturno","47.05882352941176","33.9622641509434","33.9622641509434"
"luis de granada o p 15041588","luis de granada 15041588","100.0","100.0","92.3076923076923"
"turnebe adrien","turnebe adrien 15121565","100.0","100.0","75.67567567567568"
"vico giambattista 16681744","vico giambattista","100.0","100.0","79.06976744186046"
"lucas de tuy m 1249","lucas bishop of tuy approximately 1249","100.0","84.84848484848484","59.64912280701755"
"vossius gerardus johannes 15771649","vossius gerardus joannes 15771649","100.0","98.50746268656717","98.50746268656717"
"sayer gregory osb 15601602","sayer gregory 15601602","100.0","100.0","91.66666666666666"
"navagero andres 14831529","navagero andrea","100.0","71.7948717948718","71.7948717948718"
"bona giovanni o cist cardenal 16091674","bona giovanni 16091674","100.0","100.0","73.33333333333334"
"seneca marco anneo ca 55acca 39 dc","seneca lucius annaeus approximately 55 bcapproximately 39 ad","100.0","53.191489361702125","53.191489361702125"
"bernardino de siena santo 13801444","bernardino da siena saint 13801444","100.0","94.11764705882354","94.11764705882352"
"guibert de nogent 1053ca 1124","guibert abbot of nogentsouscoucy","100.0","52.459016393442624","52.459016393442624"
"hardouin jean si","hardouin jean 16461729","100.0","89.65517241379311","68.42105263157895"
"hugues de saintvictor","hugh of saintvictor 10961141","100.0","68.75","65.3061224489796"
"gronovius jacobus 16451716","gronovius jacobus 16451716","100.0","100.0","100.0"
"putte hendrik van de 15741646","puteanus erycius 15741646","100.0","70.37037037037037","70.37037037037037"
"defensor de liguge","defensor","100.0","100.0","61.53846153846154"
"vegio maffeo 14071458","vegio maffeo","100.0","100.0","72.72727272727273"
"fracastoro girolamo 14831553","fracastoro girolamo 14781553","100.0","96.42857142857143","96.42857142857143"
"vida marco girolamo 14701566","vida marco girolamo","100.0","100.0","80.85106382978724"
"zanchi basilio 15011558","zanchi basilio 1501approximately 1558","100.0","76.66666666666667","76.66666666666666"
"giraldi giglio gregorio 14791552","giraldi lilio gregorio 14791552","100.0","95.23809523809524","79.36507936507937"
"spagnoli giovanni battista 14481516","baptista mantuanus 14481516","100.0","67.74193548387098","67.74193548387098"
"angeli pietro 15171596","angeli pietro 15171596","100.0","100.0","100.0"
"schott andreas 15521629","schottus andreas 15521629","100.0","95.83333333333333","95.83333333333334"
"minucio felix marco","minucius felix marcus","100.0","85.0","85.0"
"cesar cayo julio 10044 ac","caesar julius","83.33333333333334","57.89473684210526","57.89473684210527"
"estacio publio papinio ca 4596","statius p papinius publius papinius","63.41463414634146","46.42857142857143","49.23076923076923"
"caussin nicolas si 15831651","caussin nicolas 15831651","100.0","100.0","94.11764705882352"
"jan van ruusbroec 12931381","ruusbroec jan van 12931381","100.0","100.0","100.0"
"hugo herman si","hugo herman 15881629","100.0","88.0","64.70588235294117"
"polignac melchior de 16611741","polignac melchior de 16611742","100.0","96.55172413793103","96.55172413793103"
"osullivanbeare philip","osullivanbeare philip 15901660","100.0","100.0","82.35294117647058"
"nider johann op 13801438","nider johannes approximately 13801438","100.0","73.6842105263158","68.85245901639344"
"ricardo de san victor","richard of st victor 1173","100.0","69.56521739130434","69.56521739130434"
"cassianus johannes ca360435","cassian john","83.33333333333334","61.53846153846154","61.53846153846154"
"odon de cluny santo 879942","odo saint abbot of cluny","100.0","60.0","60.0"
"john of salisbury obispo de chartres","john of salisbury bishop of chartres","100.0","89.85507246376811","77.77777777777779"
"saumaise claude de","saumaise claude 15881653","100.0","90.9090909090909","71.42857142857143"
"rossi gian vittorio 15771647","erythraeus janus nicius 15771647","100.0","50.0","50.0"
"hotman francois 15241590","hotman francois 15241590","100.0","100.0","100.0"
"pontanus iacobus 15421626","pontanus jacob 15421626","100.0","91.66666666666667","91.66666666666666"
"juvenco cayo vecio aquilino s 4","juvencus caius vettius aquilinus","72.41379310344827","69.84126984126985","69.84126984126983"
"alegre francisco javier","alegre francisco javier 17291788","100.0","100.0","83.63636363636364"
"muris johannes de ca 1300ca 1350","muris johannes de approximately 1300approximately 1350","100.0","81.48148148148148","69.76744186046511"
"sachez de las brozas francisco 15221600","sanchez de las brozas francisco 15231601","100.0","93.67088607594937","93.67088607594937"
"amiano marcelino","ammianus marcellinus","81.25","77.77777777777777","77.77777777777779"
"fortunato venancio honorio clemenciano ca 540600","fortunatus venantius honorius clementianus","80.0","71.11111111111111","71.11111111111111"
"campano giovanni antonio 14291477","campano giannantonio bishop 14291477","100.0","75.36231884057972","75.36231884057972"
"bacon roger","bacon roger 12141294","100.0","100.0","70.96774193548387"
"benci francesco si 15421594","benci francesco 15421594","100.0","100.0","94.11764705882352"
"marcilius theodorus","marcile theodore 15481617","80.0","63.63636363636363","63.63636363636363"
"meursius ioannes","meurs johannes van 15791639","75.0","55.81395348837209","55.81395348837209"
"pontanus johannes isaacus","pontanus johannes isacius 15711639","100.0","81.35593220338983","81.35593220338984"
"obsequens iulius","obsequens julius","100.0","93.75","93.75"
"canonieri pietro andrea","canonieri pietro andrea 1639","100.0","100.0","90.19607843137256"
"putte hendrik van der 15741646","puteanus erycius 15741646","100.0","69.0909090909091","69.0909090909091"
"ursinus velius caspar","vel caspar ursinus 14931538","100.0","80.0","75.0"
"catulo cayo valerio","catullus gaius valerius","63.1578947368421","66.66666666666666","66.66666666666667"
"macrobio ambrosio aurelio teodosio","macrobius ambrosius aurelius theodosius","79.41176470588236","82.1917808219178","82.1917808219178"
"plinio cecilio segundo cayo","pliny the younger","51.61290322580645","36.36363636363637","36.36363636363637"
"jimenez de rada rodrigo ca 11701247","jimenez de rada rodrigo approximately 11701247","100.0","95.5223880597015","83.9506172839506"
"pontanus jacobus si 15421626","pontanus jacob 15421626","100.0","90.19607843137254","90.19607843137256"
"poliziano angelo 14541494","poliziano angelo 14541494","100.0","100.0","100.0"
"cardano gerolamo 15011576","cardano girolamo 15011576","100.0","96.0","96.0"
"reusner nickolas","reusner nikolaus 15451602","100.0","73.17073170731707","73.17073170731707"
"maittaire michel 16681747","maittaire michael 16671747","100.0","94.11764705882354","94.11764705882352"
"livio tito","livy","85.71428571428572","42.857142857142854","42.85714285714286"
"manuzio aldo ca14421515","manuzio aldo 1449 or 14501515","100.0","76.92307692307692","57.692307692307686"
"vossius gerard joannes 15771649","vossius gerardus joannes 15771649","100.0","96.875","96.875"
"alexander of hales ca 11851245","alexander of hales approximately 11851245","100.0","94.73684210526315","81.69014084507043"
"folengo teofilo 14961544","folengo teofilo 14961544","100.0","100.0","100.0"
"sirmond jacques si 15591651","sirmond jacques 15591651","100.0","100.0","94.11764705882352"
"vergilio polidoro","vergil polydore 14701555","81.25","63.41463414634146","63.41463414634146"
"brasavola antonio musa 15001555","brasavola a m antonio musa","100.0","91.66666666666667","80.70175438596492"
"sereno samonico quinto","serenus sammonicus quintus","77.27272727272727","79.16666666666667","79.16666666666666"
"gabuccini girolamo","gabuccini girolamo active 16th century","100.0","100.0","64.28571428571428"
"scribonius largus","scribonius largus","100.0","100.0","100.0"
"cardano girolamo","cardano girolamo 15011576","100.0","100.0","78.04878048780488"
"herberstein sigmund von 14861566","herberstein sigmund freiherr von 14861566","100.0","100.0","87.67123287671232"
"trogo pompeyo","trogus pompeius","76.92307692307692","71.42857142857143","71.42857142857143"
"ildefonso santo 607667","ildephonsus saint","75.0","61.53846153846154","61.53846153846154"
"sannazaro jacopo ca 14551530","sannazaro jacopo","100.0","100.0","72.72727272727273"
"barclay john 15821621","barclay john 15821621","100.0","100.0","100.0"
"facundus hermeanensis","facundus of hermiane","100.0","78.04878048780488","78.04878048780488"
"stewechius godescalcus 15511586","stewechius godescalcus 15511586","100.0","100.0","100.0"
"lipsio justo 15471606","lipsius justus 15471606","100.0","86.36363636363636","86.36363636363636"
"stanyhurst richard 15471618","stanyhurst richard 15471618","100.0","100.0","100.0"
"juvenco cayo vecio aquilino s4","juvencus caius vettius aquilinus","73.6842105263158","70.96774193548387","70.96774193548387"
"astruc jean 16841766","astruc jean 16841766","100.0","100.0","100.0"
"postel guillaume","postel guillaume 15101581","100.0","100.0","78.04878048780488"
"ceva tomas","ceva tommaso 16481737","100.0","64.51612903225806","64.51612903225806"
"alanus de insulis","alanus de insulis","100.0","100.0","100.0"
"bauhuis bernard 15751619","bauhuis bernard","100.0","100.0","76.92307692307692"
"bidermann jakob 15771639","bidermann jakob 1577 or 15781639","100.0","85.71428571428571","85.71428571428572"
"valeriano bolzani giovan piero 14771558","valeriano pierio 14771560","100.0","68.75","68.75"
"bersuire pierre ca12901362","bersuire pierre approximately 12901362","100.0","75.0","46.875"
"ravizza giovita 14761553","ravizza giovita 14761553","100.0","100.0","100.0"
"tesauro emmanuele conte de 15911675","tesauro emanuele conte 15921675","100.0","90.9090909090909","90.9090909090909"
"pico della mirandola giovanni 14631494","pico della mirandola giovanni","100.0","100.0","86.56716417910448"
"polignac melchior de cardenal 16611741","polignac melchior de 16611742","100.0","83.58208955223881","83.5820895522388"
"pithou pierre","pithou pierre 15391596","100.0","100.0","74.28571428571429"
"cassiodorus flavius magnus aurelius","cassiodorus senator","100.0","73.33333333333333","51.85185185185186"
"bovelles charles de","bovillus carolus 14791567","68.57142857142857","54.54545454545455","54.54545454545454"
"masen jakob si 16061681","masen jakob 16061681","100.0","100.0","93.02325581395348"
"passerat jean 15341602","passerat jean","100.0","100.0","74.28571428571429"
"muret marc antoine","muret marcantoine 15261585","100.0","59.09090909090909","59.09090909090908"
"claudianus claudio","claudianus claudius","100.0","91.89189189189189","91.89189189189189"
"manuzio aldo 15471597","manuzio aldo 15471597","100.0","100.0","100.0"
"manilio marco","manilius marcus","84.61538461538461","78.57142857142857","78.57142857142857"
"canoniero pietro andrea","canonieri pietro andrea 1639","100.0","86.27450980392157","86.27450980392157"
"frontino sexto julio","frontinus sextus julius","80.0","79.06976744186046","79.06976744186046"
"olmo marco antonio","olmedo lope de","60.0","43.75","43.75"
"barth caspar von 15871658","barth kaspar von 15871658","100.0","96.0","96.0"
"widukind von korvei fl 970","widukind of corvey approximately 925approximately 973","100.0","50.63291139240506","50.63291139240506"
"maldonado juan de si 15331583","maldonado juan de 15341583","100.0","90.9090909090909","90.9090909090909"
"thou jacques auguste de 15531617","thou jacquesauguste de 15531617","100.0","76.19047619047619","76.19047619047619"
"benci francesco 15421594","benci francesco 15421594","100.0","100.0","100.0"
"jacques de vitry 11701240","jacques de vitry 11701240","100.0","100.0","100.0"
"sidronius de hossche si","hossche sidronius de 15961653","100.0","93.02325581395348","76.92307692307692"
"emili paolo 14601529","emili paolo 1529","100.0","88.88888888888889","88.88888888888889"
"haller albrecht von 17081777","haller albrecht von 17081777","100.0","100.0","100.0"
"vossius gerhard johann 15771649","vossius gerardus joannes 15771649","100.0","90.625","90.625"
"pontanus jacobus si","pontanus jacob 15421626","100.0","66.66666666666666","66.66666666666667"
"alanus de insulis d 1202","alanus de insulis","100.0","100.0","82.92682926829268"
"alexander de villa dei","alexander de villa dei","100.0","100.0","100.0"
"higden ranulf 1364","higden ranulf 1364","100.0","100.0","100.0"
"evrard de bethune","evrard de bethune","100.0","100.0","100.0"
"wolfflin eduard von 18311908","wolfflin eduard von 18311908","100.0","100.0","100.0"
"knollinger hermann","knoellinger hermann 18831914","100.0","78.26086956521739","78.26086956521739"
"carrion louis 15471595","carrion louis 15471595","100.0","100.0","100.0"
"propertius sextus aurelius ca 4715 vchr","propertius sextus","100.0","100.0","60.71428571428572"
"bursian konrad","bursian conrad 18301883","100.0","70.27027027027027","70.27027027027026"
"ritschl friedrich wilhelm 18061876","ritschl friedrich wilhelm 18061876","100.0","100.0","100.0"
"vergilius maro publius","virgil","83.33333333333334","35.71428571428571","35.71428571428571"
"foerster richard 18431922","foerster richard 18431922","100.0","100.0","100.0"
"virgile 00700019 av jc","virgil","100.0","42.857142857142854","42.85714285714286"
"eucherius of lyon saint d 449","eucherius of lyon saint","100.0","100.0","88.46153846153845"
"aurelius victor sextus","victor sextus aurelius","100.0","100.0","100.0"
"ovidius naso publius 43 v chrca 18","ovid 43 bc17 ad or 18 ad","100.0","50.90909090909091","51.72413793103448"
"cicero m tullius 10643 v chr","cicero quintus tullius","100.0","77.77777777777777","60.0"
"catullus valerius","catullus gaius valerius","100.0","100.0","85.0"
"lucilius gaius ca 180ca 102 bc","lucilius gaius approximately 180 bcapproximately 102 bc","100.0","82.35294117647058","68.23529411764706"
"bergk theodor","bergk theodor 18121881","100.0","100.0","74.28571428571429"
"muller c f w","muller karl otfried 17971840","100.0","66.66666666666666","44.99999999999999"
"sallustius crispus gaius","pseudosallust","64.0","54.054054054054056","54.054054054054056"
"rutilius namatianus claudius 5th cent","namatianus claudius rutilius active 5th century","100.0","92.7536231884058","88.09523809523809"
"holder alfred 18401916","holder alfred 18401916","100.0","100.0","100.0"
"walram bishop of naumberg d 1111","walram bishop of naumburg","100.0","84.21052631578948","84.21052631578947"
"florus lucius annaeus 2nd cent","florus lucius annaeus","100.0","100.0","82.35294117647058"
"averroes 11261198","averroes 11261198","100.0","100.0","100.0"
"victorinus saint bishop of poetovio 304","victorinus saint bishop of poetovio","100.0","100.0","94.5945945945946"
"campion thomas 15671620","campion thomas","100.0","100.0","75.67567567567568"
